,Class of Rating,Name,Rating Score,Review Number,URL
0,Excellent,Oakwood Boston,8.7,85 reviews,http://booking.com/hotel/us/oakwood-boston.html#hotelTmpl
1,Very Good,14 Gloucester St #2B by Lyon Apartments,8.1,"2,805 reviews",http://booking.com/hotel/us/14-gloucester-st-2b-by-lyon-apartments-boston.html#hotelTmpl
2,Very Good,14 Gloucester St #2A by Lyon Apartments,10,42 reviews,http://booking.com/hotel/us/14-gloucester-st-2a-by-lyon-apartments-boston.html#hotelTmpl
3,Awesome,Seaport Boston Hotel,9.1,"1,921 reviews",http://booking.com/hotel/us/seaport.html#hotelTmpl
4,Very Good,Longfellow Place Apartment by Stay Alfred,8.5,205 reviews,http://booking.com/hotel/us/longfellow-by-stay-alfred.html#hotelTmpl
5,Good,Clearway Street by Boston Furnished Rooms,7.3,136 reviews,http://booking.com/hotel/us/clearway-street-by-boston-furnished-rooms.html#hotelTmpl
6,Very Good,The Copley House,8.1,"2,805 reviews",http://booking.com/hotel/us/the-c-house-boston-massachusettes.html#hotelTmpl
7,Exceptional,Two Bedroom Boston Luxury Apartment,9.8,24 reviews,http://booking.com/hotel/us/two-bedroom-boston-luxury-apartment.html#hotelTmpl
8,Very Good,Aloft Boston Seaport,8.5,765 reviews,http://booking.com/hotel/us/aloft-boston-seaport.html#hotelTmpl
9,Very Good,112 Myrtle St #7 by Lyon Apartments,8.0,15 reviews,http://booking.com/hotel/us/112-myrtle-st-7.html#hotelTmpl
10,Very Good,14 Gloucester St #4A by Lyon Apartments,8.8,42 reviews,http://booking.com/hotel/us/14-gloucester-st-4a-by-lyon-apartments.html#hotelTmpl
11,Review score,Ramada Boston,6.9,"2,252 reviews",http://booking.com/hotel/us/r-boston-massachusettes.html#hotelTmpl
12,Very Good,Hilton Boston Logan Airport,8.1,"2,169 reviews",http://booking.com/hotel/us/hilton-logan-airport.html#hotelTmpl
13,Very Good,Hyatt Regency Boston,8.5,"1,382 reviews",http://booking.com/hotel/us/hyatt-regency-boston.html#hotelTmpl
14,Very Good,Boston Harbor View Luxury Suites,8.2,172 reviews,http://booking.com/hotel/us/boston-harbor-view-luxury-suites.html#hotelTmpl
15,Very Good,Hilton Boston Downtown/Faneuil Hall,8.5,710 reviews,http://booking.com/hotel/us/hilton-boston-fin-district.html#hotelTmpl
16,Very Good,102 Chandler #8 By Lyon Apartments,8.4,334 reviews,http://booking.com/hotel/us/102-chandler-8-by-lyon-apartments.html#hotelTmpl
17,Very Good,102 Chandler #9 By Lyon Apartments,8.5,"1,986 reviews",http://booking.com/hotel/us/102-chandler-9-by-lyon-apartments.html#hotelTmpl
18,Good,102 Chandler #4 By Lyon Apartments,7.3,136 reviews,http://booking.com/hotel/us/102-chandler-4-by-lyon-apartments.html#hotelTmpl
19,Very Good,102 Chandler #5 By Lyon Apartments,8.1,"2,805 reviews",http://booking.com/hotel/us/102-chandler-5-by-lyon-apartments.html#hotelTmpl
20,Excellent,102 Chandler #6 By Lyon Apartments,8.7,"1,746 reviews",http://booking.com/hotel/us/102-chandler-6-by-lyon-apartments.html#hotelTmpl
21,Awesome,Loews Boston Hotel,9.0,"2,023 reviews",http://booking.com/hotel/us/loews-boston-hotel.html#hotelTmpl
22,Very Good,YOTEL Boston,8.3,420 reviews,http://booking.com/hotel/us/yotel-boston.html#hotelTmpl
23,Good,One-Bedroom on Washington Street Apt 207,7.8,47 reviews,http://booking.com/hotel/us/one-bedroom-on-washington-street-apt-207.html#hotelTmpl
24,Very Good,One-Bedroom on Washington Street Apt 304,8.2,440 reviews,http://booking.com/hotel/us/one-bedroom-on-washington-street-apt-304.html#hotelTmpl
25,Very Good,Hotel 140,8.0,"2,708 reviews",http://booking.com/hotel/us/140.html#hotelTmpl
26,Good,Global Luxury Suites at The Theater District,7.8,47 reviews,http://booking.com/hotel/us/luxury-apartments-steps-away-from-china-town-and-theater-district.html#hotelTmpl
27,Excellent,Washington Street Apartment by Stay Alfred,8.9,254 reviews,http://booking.com/hotel/us/660-washington-by-stay-alfred.html#hotelTmpl
28,Awesome,Four Seasons Boston,9.0,198 reviews,http://booking.com/hotel/us/four-seasons-boston.html#hotelTmpl
29,Excellent,"The Westin Copley Place, Boston",8.6,"1,192 reviews",http://booking.com/hotel/us/westin-copley-place.html#hotelTmpl
30,Awesome,Seaport Boston Hotel,9.1,"1,921 reviews",http://booking.com/hotel/us/seaport.html#hotelTmpl
31,Very Good,Longfellow Place Apartment by Stay Alfred,8.5,205 reviews,http://booking.com/hotel/us/longfellow-by-stay-alfred.html#hotelTmpl
32,Very Good,112 Myrtle St #5 by Lyon Apartments,8.4,17 reviews,http://booking.com/hotel/us/112-myrtle-st-5.html#hotelTmpl
33,Very Good,112 Myrtle St #9 by Lyon Apartments,8.1,32 reviews,http://booking.com/hotel/us/112-myrtle-st-9.html#hotelTmpl
34,Very Good,Kenmore Apartments by Starlight Suites,8.2,172 reviews,http://booking.com/hotel/us/kenmore-apartments-by-starlight-suites.html#hotelTmpl
35,Very Good,14 Gloucester Street by Lyon Apartments,8.4,42 reviews,http://booking.com/hotel/us/apartment-backbay.html#hotelTmpl
36,Review score,D Street,6.9,572 reviews,http://booking.com/hotel/us/d-street.html#hotelTmpl
37,Excellent,Newbury Guest House,8.9,610 reviews,http://booking.com/hotel/us/newbury-guest-house.html#hotelTmpl
38,Awesome,Three-Bedroom on Hamilton Place Apt 305,9.2,6 reviews,http://booking.com/hotel/us/three-bedroom-on-hamilton-place-apt-305.html#hotelTmpl
39,Good,Three-Bedroom on South Street Apt 11,7.8,47 reviews,http://booking.com/hotel/us/three-bedroom-on-south-street-apt-11.html#hotelTmpl
40,Awesome,Two-Bedroom on Milk Street Apt 5B,9.2,6 reviews,http://booking.com/hotel/us/apartment-on-milk-street-5b.html#hotelTmpl
41,Very Good,Harborside Inn,8.5,"1,986 reviews",http://booking.com/hotel/us/harborside.html#hotelTmpl
42,Good,Wyndham Boston Beacon Hill,7.8,"1,890 reviews",http://booking.com/hotel/us/wyndham-boston-beacon-hill.html#hotelTmpl
43,Very Good,One-Bedroom on Arch Street Apt 5D,8.5,15 reviews,http://booking.com/hotel/us/one-bedroom-apartment-on-arch-street-5d.html#hotelTmpl
44,Very Good,14 Gloucester Street 4B,8.0,"2,708 reviews",http://booking.com/hotel/us/14-gloucester-st-unit-4b.html#hotelTmpl
45,Very Good,Bluebird Suites In The Heart of Fenway,8.4,62 reviews,http://booking.com/hotel/us/bluebird-suites-in-the-heart-of-fenway.html#hotelTmpl
46,Excellent,Hyatt Regency Boston Harbor,8.6,"1,360 reviews",http://booking.com/hotel/us/hyatt-harborside.html#hotelTmpl
47,Excellent,One-Bedroom on Washington Street Apt 204,8.8,"2,190 reviews",http://booking.com/hotel/us/one-bedroom-on-washington-street-apt-204.html#hotelTmpl
48,Very Good,14 Gloucester Street #G by Lyon Apartments,8.4,42 reviews,http://booking.com/hotel/us/14-gloucester-st-b-by-lyon-apartments.html#hotelTmpl
49,Awesome,The Lenox,9.3,898 reviews,http://booking.com/hotel/us/the-lenox.html#hotelTmpl
50,Very Good,Aloft Boston Seaport,8.5,765 reviews,http://booking.com/hotel/us/aloft-boston-seaport.html#hotelTmpl
51,Very Good,112 Myrtle St #7 by Lyon Apartments,8.0,15 reviews,http://booking.com/hotel/us/112-myrtle-st-7.html#hotelTmpl
52,Awesome,InterContinental Boston,9.0,729 reviews,http://booking.com/hotel/us/intercontinental-boston.html#hotelTmpl
53,Good,Temple Place Suites by Short Term Rentals Boston,7.3,136 reviews,http://booking.com/hotel/us/temple-place-suites-by-short-term-rentals-boston.html#hotelTmpl
54,Excellent,The Bostonian Boston,8.9,972 reviews,http://booking.com/hotel/us/millennium-bostonian.html#hotelTmpl
55,Excellent,Taj Boston,8.8,"2,190 reviews",http://booking.com/hotel/us/taj-boston.html#hotelTmpl
56,Good,Jefferies Point Condos by Airport & Subway - 2,7.8,230 reviews,http://booking.com/hotel/us/jefferies-point-condos-by-airport-amp-subway-2.html#hotelTmpl
57,Awesome,Hilton Garden Inn Boston Logan Airport,9.0,946 reviews,http://booking.com/hotel/us/hilton-garden-inn-boston-logan-airport.html#hotelTmpl
58,Good,Chandler Inn Hotel,7.8,823 reviews,http://booking.com/hotel/us/chandler-inn.html#hotelTmpl
59,Very Good,Two-Bedroom on D Street Apt 344,8.3,420 reviews,http://booking.com/hotel/us/two-bedroom-on-d-street-apt-344.html#hotelTmpl
60,Awesome,Hilton Garden Inn Boston Logan Airport,9.0,946 reviews,http://booking.com/hotel/us/hilton-garden-inn-boston-logan-airport.html#hotelTmpl
61,Good,Chandler Inn Hotel,7.8,823 reviews,http://booking.com/hotel/us/chandler-inn.html#hotelTmpl
62,Very Good,Two-Bedroom on D Street Apt 344,8.3,420 reviews,http://booking.com/hotel/us/two-bedroom-on-d-street-apt-344.html#hotelTmpl
63,Awesome,Three-Bedroom on Hamilton Place Apt 508,9.3,5 reviews,http://booking.com/hotel/us/three-bedroom-on-hamilton-place-apt-508.html#hotelTmpl
64,Very Good,Back Bay Beacon,8.3,157 reviews,http://booking.com/hotel/us/back-bay-beacon.html#hotelTmpl
65,Awesome,Canal Street Apartment by Stay Alfred,9.0,200 reviews,http://booking.com/hotel/us/avenir-by-stay-alfred.html#hotelTmpl
66,Excellent,Three-Bedroom on Larose Place Apt L,8.7,13 reviews,http://booking.com/hotel/us/three-bedroom-on-larose-place-apt-l.html#hotelTmpl
67,Awesome,One-Bedroom on Washington Street Apt 308,9.0,198 reviews,http://booking.com/hotel/us/one-bedroom-on-washington-street-apt-308.html#hotelTmpl
68,Very Good,Club Quarters Hotel in Boston,8.2,"2,108 reviews",http://booking.com/hotel/us/club-quarters-in-boston.html#hotelTmpl
69,Very Good,Bluebird Suites at Boston's Theatre District,8.2,58 reviews,http://booking.com/hotel/us/bluebird-suites-at-boston-39-s-theatre-district.html#hotelTmpl
70,Very Good,Three-Bedroom on Hamilton Place Apt 408,8.2,440 reviews,http://booking.com/hotel/us/three-bedroom-on-hamilton-place-apt-408.html#hotelTmpl
71,Awesome,The Baldwin at Longwood Medical Area,9.1,143 reviews,http://booking.com/hotel/us/the-baldwin-at-longwood-medical-area.html#hotelTmpl
72,Awesome,One-Bedroom on Boylston Street Apt 1311,10,"2,023 reviews",http://booking.com/hotel/us/one-bedroom-on-boylston-street-apt-1311.html#hotelTmpl
73,Very Good,Two-Bedroom House on Columbus Avenue,8.5,204 reviews,http://booking.com/hotel/us/two-bedroom-house-on-columbus-avenue.html#hotelTmpl
74,Good,102 Chandler #7 By Lyon Apartments,7.4,595 reviews,http://booking.com/hotel/us/102-chandler-7-by-lyon-apartments-boston12.html#hotelTmpl
75,Good,102 Chandler #7 By Lyon Apartments,7.4,595 reviews,http://booking.com/hotel/us/102-chandler-7-by-lyon-apartments-boston12.html#hotelTmpl
76,Excellent,Two-Bedroom on Hamilton Place Apt 502,8.8,"2,190 reviews",http://booking.com/hotel/us/two-bedroom-on-hamilton-place-apt-502.html#hotelTmpl
77,Awesome,The Verb Hotel,9.0,"1,056 reviews",http://booking.com/hotel/us/the-verb.html#hotelTmpl
78,Excellent,"Battery Wharf Hotel, Boston Waterfront",8.6,"1,045 reviews",http://booking.com/hotel/us/battery-wharf-hotel.html#hotelTmpl
79,Very Good,Global Luxury Suites at China Town,8.2,223 reviews,http://booking.com/hotel/us/the-kensington.html#hotelTmpl
80,Very Good,AC Hotel by Marriott Boston Downtown,8.5,202 reviews,http://booking.com/hotel/us/ac-by-marriott-boston-downtown.html#hotelTmpl
81,Excellent,Two-Bedroom on Hamilton Place Apt 402,9.6,254 reviews,http://booking.com/hotel/us/two-bedroom-on-hamilton-place-apt-402.html#hotelTmpl
82,Very Good,Hilton Boston Logan Airport,8.1,"2,169 reviews",http://booking.com/hotel/us/hilton-logan-airport.html#hotelTmpl
83,Good,Global Luxury Suites at Back Bay,7.6,112 reviews,http://booking.com/hotel/us/global-serviced-apartments.html#hotelTmpl
84,Very Good,Charlesmark Hotel,8.4,965 reviews,http://booking.com/hotel/us/charlesmark.html#hotelTmpl
85,Good,Hotel Boston,7.4,595 reviews,http://booking.com/hotel/us/hotel-boston.html#hotelTmpl
86,Good,One-Bedroom on Boylston Street Apt 9,7.8,823 reviews,http://booking.com/hotel/us/one-bedroom-on-boylston-street-apt-9.html#hotelTmpl
87,Excellent,Bricco Suites,8.7,398 reviews,http://booking.com/hotel/us/bricco-suites.html#hotelTmpl
88,Very Good,Hyatt Regency Boston,8.5,"1,382 reviews",http://booking.com/hotel/us/hyatt-regency-boston.html#hotelTmpl
89,Excellent,W Boston,8.7,677 reviews,http://booking.com/hotel/us/w-boston.html#hotelTmpl
90,Good,Found Hotel Boston Common,7.0,"2,992 reviews",http://booking.com/hotel/us/milner-b-boston-massachusettes.html#hotelTmpl
91,Excellent,DoubleTree Suites by Hilton Hotel Boston - Cambridge,8.6,977 reviews,http://booking.com/hotel/us/doubletree-guest-suites-boston.html#hotelTmpl
92,Excellent,Global Luxury Suites at Fenway,8.6,118 reviews,http://booking.com/hotel/us/luxury-apartments-in-the-heart-of-fenway.html#hotelTmpl
93,Very Good,Boston Harbor View Luxury Suites,8.2,172 reviews,http://booking.com/hotel/us/boston-harbor-view-luxury-suites.html#hotelTmpl
94,Excellent,One-Bedroom on St. Botolph Street Apt 10,8.6,"1,212 reviews",http://booking.com/hotel/us/one-bedroom-on-st-botolph-street-apt-10.html#hotelTmpl
95,Very Good,Two-Bedroom on Western Avenue Apt S - 404,8.0,"1,273 reviews",http://booking.com/hotel/us/condo-on-western-avenue-404.html#hotelTmpl
96,Review score,Constitution Inn,6.7,"1,406 reviews",http://booking.com/hotel/us/constitution-inn.html#hotelTmpl
97,Review score,Patrick's Place,10,892 reviews,http://booking.com/hotel/us/patrick-39-s-place.html#hotelTmpl
98,Very Good,Three-Bedroom on Brainerd Road Apt 22,8.0,15 reviews,http://booking.com/hotel/us/three-bedroom-apartment-on-brainerd-road-22.html#hotelTmpl
99,Very Good,Hilton Boston Back Bay,8.2,525 reviews,http://booking.com/hotel/us/boston-back-bay.html#hotelTmpl
100,Very Good,"Modern, Spacious, Two Bedroom With Balcony!",8.1,"2,805 reviews",http://booking.com/hotel/us/modern-spacious-two-bedroom-with-balcony.html#hotelTmpl
101,Review score,Concord Square by Short Term Rentals Boston,6.9,572 reviews,http://booking.com/hotel/us/44-concord-square-boston-ma-back-bay-47-south-end.html#hotelTmpl
102,Awesome,One-Bedroom on Beacon Street Apt 201,9.0,7 reviews,http://booking.com/hotel/us/two-bedroom-apartment-on-beacon-street-201.html#hotelTmpl
103,Exceptional,Boston Yacht Haven,9.5,392 reviews,http://booking.com/hotel/us/boston-yacht-haven.html#hotelTmpl
104,Awesome,14 Gloucester Street 1B,9.1,9 reviews,http://booking.com/hotel/us/14-gloucester-st-unit-1b.html#hotelTmpl
105,Excellent,Studio on Arch Street Apt 4E,9.6,8 reviews,http://booking.com/hotel/us/studio-on-arch.html#hotelTmpl
106,Excellent,Studio on Arch Street Apt 4A,8.8,8 reviews,http://booking.com/hotel/us/studio-on-arch-street-4a.html#hotelTmpl
107,Review score,Charles River Inn,6.6,892 reviews,http://booking.com/hotel/us/charles-river-motel.html#hotelTmpl
108,Excellent,Boston Marriott Copley Place,8.6,"1,076 reviews",http://booking.com/hotel/us/copley-mariott.html#hotelTmpl
109,Awesome,Apartment in Historic Location,9.2,19 reviews,http://booking.com/hotel/us/apartment-in-historic-location.html#hotelTmpl
110,Very Good,Copley Garrison,8.3,170 reviews,http://booking.com/hotel/us/copley-garrison.html#hotelTmpl
111,,Two-Bedroom on Hamilton Place Apt 501,,,http://booking.com/hotel/us/two-bedroom-on-hamilton-place-apt-501.html#hotelTmpl
112,Good,Apartment in the Heart of Boston,7.8,10 reviews,http://booking.com/hotel/us/luxury-1-bed-apartment-in-the-heart-of-boston.html#hotelTmpl
113,Very Good,Revere Hotel Boston Common,8.4,"2,027 reviews",http://booking.com/hotel/us/revere-boston.html#hotelTmpl
114,Review score,Two-Bedroom on Hamilton Place Apt 303,6.9,"2,252 reviews",http://booking.com/hotel/us/two-bedroom-on-hamilton-place-apt-303.html#hotelTmpl
115,Awesome,A Street Apartment by Stay Alfred,9.2,107 reviews,http://booking.com/hotel/us/315-on-a-by-stay-alfred.html#hotelTmpl
116,Good,Best Western Plus Boston Hotel,7.3,"1,165 reviews",http://booking.com/hotel/us/bw-roundhouse-suites.html#hotelTmpl
117,Very Good,DoubleTree by Hilton Hotel Boston - Downtown,8.2,782 reviews,http://booking.com/hotel/us/doubletree-boston-downtown.html#hotelTmpl
118,Very Good,Copley Square Hotel,8.5,770 reviews,http://booking.com/hotel/us/copley-square.html#hotelTmpl
119,Review score,Studio on Washington Street Apt 301,6.7,"1,406 reviews",http://booking.com/hotel/us/studio-on-washington-street-apt-301.html#hotelTmpl
120,Review score,Studio on Washington Street Apt 301,6.7,"1,406 reviews",http://booking.com/hotel/us/studio-on-washington-street-apt-301.html#hotelTmpl
121,Very Good,Studio on Arch Street Apt 4B,8.1,"2,805 reviews",http://booking.com/hotel/us/studio-on-arch-street-4b.html#hotelTmpl
122,Very Good,Boston Christopher,8.1,288 reviews,http://booking.com/hotel/us/boston-christopher.html#hotelTmpl
123,Very Good,Two-Bedroom on Hamilton Place Apt 401,10,"2,805 reviews",http://booking.com/hotel/us/two-bedroom-on-hamilton-place-apt-401.html#hotelTmpl
124,Very Good,Two-Bedroom on D Street Apt 312,8.3,420 reviews,http://booking.com/hotel/us/two-bedroom-on-d-street-apt-312.html#hotelTmpl
125,Good,Boston Newbury,7.8,173 reviews,http://booking.com/hotel/us/boston-newbury.html#hotelTmpl
126,Awesome,Three-Bedroom on D Street Apt 20,9.3,5 reviews,http://booking.com/hotel/us/three-bedroom-on-d-street-apt-20.html#hotelTmpl
127,Awesome,Boston Harbor Hotel,9.3,361 reviews,http://booking.com/hotel/us/boston-harbor.html#hotelTmpl
128,Very Good,Embassy Suites Boston at Logan Airport,8.2,756 reviews,http://booking.com/hotel/us/embassy-boston-logan.html#hotelTmpl
129,Good,Global Luxury Suites at Kenmore Square,7.7,51 reviews,http://booking.com/hotel/us/gsa-luxury-apartments-at-1330-boylston-steet.html#hotelTmpl
130,Review score,Charming 2 Bedroom Apartment by the Green Line with Private Parking,10,"2,252 reviews",http://booking.com/hotel/us/charming-apt-2br-47-1bath-1-private-parking-spot.html#hotelTmpl
131,Very Good,One-Bedroom on Warrenton Street Apt 20,8.1,32 reviews,http://booking.com/hotel/us/one-bedroom-on-warrenton-street-apt-20.html#hotelTmpl
132,Very Good,Hampton Inn Boston Logan Airport,8.2,754 reviews,http://booking.com/hotel/us/hampton-inn-logan-air.html#hotelTmpl
133,Excellent,"The Envoy Hotel, Autograph Collection",8.8,230 reviews,http://booking.com/hotel/us/the-envoy-autograph-collection.html#hotelTmpl
134,Excellent,One-Bedroom on D Street Apt 350,9.6,8 reviews,http://booking.com/hotel/us/one-bedroom-on-d-street-apt-350.html#hotelTmpl
135,Good,One-Bedroom on Arch Street Apt 2C,7.8,14 reviews,http://booking.com/hotel/us/one-bedroom-apartment-on-arch-street-2c.html#hotelTmpl
136,Good,Beautiful 2BR/1BA in convenient North End location,7.3,136 reviews,http://booking.com/hotel/us/beautiful-2br-47-1ba-in-convenient-north-end-location.html#hotelTmpl
137,Exceptional,Welcome to Boston,9.6,8 reviews,http://booking.com/hotel/us/welcome-to-boston.html#hotelTmpl
138,Very Good,Boston Little Italy Two Bedrooms (H2D),6.7,710 reviews,http://booking.com/hotel/us/boston-little-italy-two-bedrooms-h2d.html#hotelTmpl
139,Very Good,Studio on Arch Street Apt 1A,8.3,5 reviews,http://booking.com/hotel/us/studio-on-arch-street-1a.html#hotelTmpl
140,,Three-Bedroom on South Street Apt 7,,,http://booking.com/hotel/us/three-bedroom-on-south-street-apt-7.html#hotelTmpl
141,,One-Bedroom on Washington Street Apt 309,,,http://booking.com/hotel/us/one-bedroom-on-washington-street-apt-309.html#hotelTmpl
142,,Two-Bedroom on Washington Street Apt 401,,,http://booking.com/hotel/us/two-bedroom-on-washington-street-apt-401.html#hotelTmpl
143,,Three-Bedroom on South Street Apt 3,,,http://booking.com/hotel/us/three-bedroom-on-south-street-apt-3.html#hotelTmpl
144,,Cobblestone Loft,,,http://booking.com/hotel/us/cobblestone-loft.html#hotelTmpl
145,Good,One-Bedroom on Boylston Street Apt 914,7.8,41 reviews,http://booking.com/hotel/us/one-bedroom-on-boylston-street-apt-914.html#hotelTmpl
146,,Three-Bedroom on South Street Apt 9,,,http://booking.com/hotel/us/three-bedroom-on-south-street-apt-9.html#hotelTmpl
147,Review score,Bluebird Suites at Garrison Square,6.6,14 reviews,http://booking.com/hotel/us/bluebird-suites-at-garrison-square.html#hotelTmpl
148,Very Good,Two-Bedroom on Newbury St Apt 41,8.1,430 reviews,http://booking.com/hotel/us/two-bedroom-on-newbury-st-apt-41.html#hotelTmpl
149,Excellent,Kimpton Nine Zero Hotel,8.9,823 reviews,http://booking.com/hotel/us/nine-zero-hotel.html#hotelTmpl
150,Very Good,Two-Bedroom on E Springfield Street Apt 4,8.1,"2,805 reviews",http://booking.com/hotel/us/two-bedroom-on-e-springfield-street-apt-4.html#hotelTmpl
151,Awesome,The Eliot Suite Hotel,9.0,"1,212 reviews",http://booking.com/hotel/us/the-eliot.html#hotelTmpl
152,Very Good,Global Luxury Suites at Longwood Medical Area,8.2,12 reviews,http://booking.com/hotel/us/global-luxury-suites-on-olmstead-park.html#hotelTmpl
153,Awesome,One-Bedroom on D Street Apt 432,9.0,6 reviews,http://booking.com/hotel/us/one-bedroom-on-d-street-apt-432.html#hotelTmpl
154,Excellent,Inn at St. Botolph,8.9,215 reviews,http://booking.com/hotel/us/inn-at-st-botolph.html#hotelTmpl
155,Exceptional,Jefferies Point Condos by Airport & Subway - 3,9.6,8 reviews,http://booking.com/hotel/us/jefferies-point-condos-by-airport-amp-subway-3.html#hotelTmpl
156,,Two-Bedroom on Union Park Street Apt 2,,,http://booking.com/hotel/us/two-bedroom-on-union-park-street-apt-2.html#hotelTmpl
157,Very Good,One-Bedroom on Warrenton Street Apt 5,8.4,62 reviews,http://booking.com/hotel/us/one-bedroom-on-warrenton-street-apt-5.html#hotelTmpl
158,Good,Evolve Park Lane Seaport,7.3,11 reviews,http://booking.com/hotel/us/evolve-park-lane-seaport.html#hotelTmpl
159,Very Good,Hampton Inn & Suites Boston Crosstown Center,8.0,499 reviews,http://booking.com/hotel/us/hampton-inn-crosstown-center.html#hotelTmpl
160,Awesome,Hotel Commonwealth,9.1,"1,767 reviews",http://booking.com/hotel/us/c-boston-massachusettes.html#hotelTmpl
161,,Three-Bedroom on South Street Apt 5 II,,,http://booking.com/hotel/us/three-bedroom-on-south-street-apt-5-ii.html#hotelTmpl
162,Awesome,Goodwin Beacon Hill House,9.1,143 reviews,http://booking.com/hotel/us/goodwin-beacon-hill-house.html#hotelTmpl
163,Very Good,Courtyard Boston Copley Square,8.5,202 reviews,http://booking.com/hotel/us/courtyard-boston-copley-square.html#hotelTmpl
164,,Jefferies Point Condos by Airport & Subway,,,http://booking.com/hotel/us/jefferies-point-condos-by-airport-amp-subway.html#hotelTmpl
165,,Two-Bedroom on Washington Street Apt 407,,,http://booking.com/hotel/us/two-bedroom-on-washington-street-apt-407.html#hotelTmpl
166,,One-Bedroom on Washington Street Apt 206,,,http://booking.com/hotel/us/one-bedroom-on-washington-street-apt-206.html#hotelTmpl
167,Excellent,Cherrywood on Beacon Hill,8.8,536 reviews,http://booking.com/hotel/us/cherrywood-on-beacon-hill.html#hotelTmpl
168,Review score,2BR With Views of Charles River by STARS of Boston,6.8,10 reviews,http://booking.com/hotel/us/beautiful-2-bed-views-of-charles-river-back-bay.html#hotelTmpl
169,Very Good,Four-Bedroom on Hamilton Place Apt 406,8.5,205 reviews,http://booking.com/hotel/us/four-bedroom-on-hamilton-place-apt-406.html#hotelTmpl
170,Good,Global Luxury Suites at West End,7.5,9 reviews,http://booking.com/hotel/us/gsa-luxury-apartment.html#hotelTmpl
171,Good,Comfort Inn Boston,7.5,921 reviews,http://booking.com/hotel/us/c-i-boston-massachusettes.html#hotelTmpl
172,Excellent,Studio on Washington Street Apt 202,8.6,118 reviews,http://booking.com/hotel/us/studio-on-washington-street-apt-202.html#hotelTmpl
173,,One-Bedroom on Brookline Avenue Apt 634,7.5,,http://booking.com/hotel/us/one-bedroom-on-brookline-avenue-apt-634.html#hotelTmpl
174,Excellent,Encore Bed and Breakfast,8.9,80 reviews,http://booking.com/hotel/us/encore-b-b.html#hotelTmpl
175,,Two-Bedroom on Washington Street Apt 507,,,http://booking.com/hotel/us/two-bedroom-on-washington-street-apt-507.html#hotelTmpl
176,,Studio on Washington Street Apt 203,,,http://booking.com/hotel/us/studio-on-washington-street-apt-203.html#hotelTmpl
177,Very Good,One-Bedroom on Elko Street Apt 8,8.0,29 reviews,http://booking.com/hotel/us/one-bedroom-on-elko-street-apt-8.html#hotelTmpl
178,Very Good,Courtyard Boston-South Boston,8.4,334 reviews,http://booking.com/hotel/us/courtyard-boston-south-boston.html#hotelTmpl
179,Very Good,Boston Omni Parker House Hotel,8.3,"2,547 reviews",http://booking.com/hotel/us/boston-omni-parker-house.html#hotelTmpl
180,Very Good,Courtyard Boston-South Boston,8.4,334 reviews,http://booking.com/hotel/us/courtyard-boston-south-boston.html#hotelTmpl
181,Very Good,Boston Omni Parker House Hotel,8.3,"2,547 reviews",http://booking.com/hotel/us/boston-omni-parker-house.html#hotelTmpl
182,Good,Courtyard by Marriott Boston Logan Airport,7.9,418 reviews,http://booking.com/hotel/us/courtyard-boston-logan-airport.html#hotelTmpl
183,Review score,Two-Bedroom on Commonwealth Avenue Apt 311,6.9,"2,252 reviews",http://booking.com/hotel/us/two-bedroom-on-commonwealth-avenue-apt-311.html#hotelTmpl
184,Very Good,One-Bedroom on Beacon Street Apt 17,8.0,"2,708 reviews",http://booking.com/hotel/us/one-bedroom-on-beacon-street-apt-17.html#hotelTmpl
185,Very Good,One-Bedroom on D Street Apt 345,8.3,5 reviews,http://booking.com/hotel/us/one-bedroom-on-d-street-apt-345.html#hotelTmpl
186,,One-Bedroom on D Street Apt 353,7.5,,http://booking.com/hotel/us/one-bedroom-on-d-street-apt-353.html#hotelTmpl
187,Very Good,One-Bedroom on Brookline Avenue Apt 834,8.8,"2,805 reviews",http://booking.com/hotel/us/one-bedroom-on-brookline-avenue-apt-834.html#hotelTmpl
188,Good,Two-Bedroom on Hamilton Place Apt 302,7.3,136 reviews,http://booking.com/hotel/us/two-bedroom-on-hamilton-place-apt-302.html#hotelTmpl
189,Excellent,"The Liberty, a Luxury Collection Hotel",8.8,536 reviews,http://booking.com/hotel/us/the-liberty.html#hotelTmpl
190,Awesome,Mandarin Oriental Boston,9.2,84 reviews,http://booking.com/hotel/us/mandarin-oriental-boston.html#hotelTmpl
191,,Herbivorian House,,,http://booking.com/hotel/us/herbivorian-house.html#hotelTmpl
192,,One-Bedroom on D Street Apt 151,9.6,,http://booking.com/hotel/us/one-bedroom-on-d-street-apt-151.html#hotelTmpl
193,Good,Midtown Hotel,7.7,"1,128 reviews",http://booking.com/hotel/us/midtown.html#hotelTmpl
194,,The Head of The Charles,,,http://booking.com/hotel/us/the-head-of-the-charles.html#hotelTmpl
195,,306 on Washington Apts,,,http://booking.com/hotel/us/306-on-washington-apts.html#hotelTmpl
196,Very Good,The West End Family Getaway,10,"2,108 reviews",http://booking.com/hotel/us/the-west-end-family-getaway.html#hotelTmpl
197,,Adventures in Allston,,,http://booking.com/hotel/us/adventures-in-allston.html#hotelTmpl
198,Excellent,Studio on Washington Street Apt 502,8.7,85 reviews,http://booking.com/hotel/us/studio-on-washington-street-apt-502.html#hotelTmpl
199,Very Good,102 Chandler Street #1 by Lyon Apartments,8.1,16 reviews,http://booking.com/hotel/us/102-chandler-st-1.html#hotelTmpl
200,Very Good,Evolve Suites Back Bay,8.2,175 reviews,http://booking.com/hotel/us/garrison-luxury-furnished-suites.html#hotelTmpl
201,Very Good,Three-Bedroom on South Street Apt 5,8.2,172 reviews,http://booking.com/hotel/us/three-bedroom-on-south-street-apt-5.html#hotelTmpl
202,Awesome,Two-Bedroom on Milk Street Apt 5A,9.2,5 reviews,http://booking.com/hotel/us/apartment-on-milk-street-5a.html#hotelTmpl
203,Excellent,Three-Bedroom on Hamilton Place Apt 405,8.9,254 reviews,http://booking.com/hotel/us/three-bedroom-on-hamilton-place-apt-405.html#hotelTmpl
204,,One-Bedroom on Washington Street Apt 306,,,http://booking.com/hotel/us/one-bedroom-on-washington-street-apt-306.html#hotelTmpl
205,Very Good,"Best Boston Location, 2BR (M2)",8.5,205 reviews,http://booking.com/hotel/us/best-boston-location-2br.html#hotelTmpl
206,,Ivy Loft,,,http://booking.com/hotel/us/ivy-loft.html#hotelTmpl
207,Very Good,Two-Bedroom on D Street Apt 136,8.1,6 reviews,http://booking.com/hotel/us/two-bedroom-on-d-street-apt-136.html#hotelTmpl
208,Very Good,"Spacious, Modern Bedroom",8.2,12 reviews,http://booking.com/hotel/us/spacious-modern-bedroom-brookline.html#hotelTmpl
209,Good,Two-Bedroom on Arch Street Apt 5C,7.9,8 reviews,http://booking.com/hotel/us/two-bedroom-apartment-on-arch-street-5c.html#hotelTmpl
210,Awesome,The Langham Boston,9.0,808 reviews,http://booking.com/hotel/us/langham-boston.html#hotelTmpl
211,Excellent,Apartments on Harrison Avenue,8.6,72 reviews,http://booking.com/hotel/us/harrison-avenue-apartment.html#hotelTmpl
212,Excellent,Element Boston Seaport by Westin,8.9,156 reviews,http://booking.com/hotel/us/element-boston-seaport.html#hotelTmpl
213,Excellent,HI - Boston Hostel,8.7,"5,657 reviews",http://booking.com/hotel/us/hostelling-international-boston.html#hotelTmpl
214,,One-Bedroom on Washington Street Apt 307,,,http://booking.com/hotel/us/one-bedroom-on-washington-street-apt-307.html#hotelTmpl
215,Awesome,Two-Bedroom on Western Avenue Apt S - 402,9.3,5 reviews,http://booking.com/hotel/us/two-bedroom-on-western-avenue.html#hotelTmpl
216,,Bluebird Suites Near South Station,,,http://booking.com/hotel/us/bluebird-suites-near-south-station.html#hotelTmpl
217,,The Michelle 4,,,http://booking.com/hotel/us/the-michelle-4.html#hotelTmpl
218,Awesome,One-Bedroom on Boylston Street Apt 603,9.0,6 reviews,http://booking.com/hotel/us/one-bedroom-on-boylston-street-apt-603.html#hotelTmpl
219,Excellent,One-Bedroom on Western Avenue Apt S - 418,8.7,"5,657 reviews",http://booking.com/hotel/us/one-bedroom-condo-on-western-avenue-s-418.html#hotelTmpl
220,Good,West Broadway Quarters by Short Term Rentals Boston,7.8,693 reviews,http://booking.com/hotel/us/west-broadway-quarters.html#hotelTmpl
221,Very Good,Historic Apartment with Private Entry,8.1,"1,150 reviews",http://booking.com/hotel/us/historic-apartment-with-private-entry.html#hotelTmpl
222,Very Good,12 Mt. Vernon Street by Short Term Rentals Boston,8.3,12 reviews,http://booking.com/hotel/us/12-mt-vernon-street-by-short-term-rentals-boston.html#hotelTmpl
223,Very Good,Studio on Arch Street Apt 3A,8.2,58 reviews,http://booking.com/hotel/us/studio-on-arch-street-3a.html#hotelTmpl
224,Excellent,One-Bedroom on Brookline Avenue Apt 1508,8.6,72 reviews,http://booking.com/hotel/us/one-bedroom-on-brookline-avenue-apt-1508.html#hotelTmpl
225,Very Good,Oasis Guest House,8.2,341 reviews,http://booking.com/hotel/us/oasis-guest-house.html#hotelTmpl
226,,One-Bedroom on Brookline Avenue Apt 203,,,http://booking.com/hotel/us/one-bedroom-on-brookline-avenue-apt-203.html#hotelTmpl
227,Good,The Inn at Longwood Medical,7.8,333 reviews,http://booking.com/hotel/us/best-western-boston-the-inn-at-longwood-medical.html#hotelTmpl
228,,One-Bedroom on Brainerd Road Apt 27,8.3,,http://booking.com/hotel/us/one-bedroom-apartment-on-brainerd-road-27.html#hotelTmpl
229,,One-Bedroom on Beacon Street Apt 206,10,,http://booking.com/hotel/us/one-bedroom-apartment-on-beacon-street-206.html#hotelTmpl
230,,The Michelle 3,,,http://booking.com/hotel/us/the-michelle-3.html#hotelTmpl
231,Very Good,Holiday Inn Express Boston,8.0,497 reviews,http://booking.com/hotel/us/holiday-inn-express-boston.html#hotelTmpl
232,Good,Evolve East Boston,7.8,299 reviews,http://booking.com/hotel/us/evolve-in-east-boston.html#hotelTmpl
233,Review score,The Farrington Inn,6.3,"1,100 reviews",http://booking.com/hotel/us/the-farrington-inn.html#hotelTmpl
234,Excellent,The Ledder House,8.6,6 reviews,http://booking.com/hotel/us/tavares-rental.html#hotelTmpl
235,Review score,Boston Common Hotel Copley Square,6.6,479 reviews,http://booking.com/hotel/us/john-hancock-conference-center.html#hotelTmpl
236,Awesome,Residence Inn by Marriott Boston Back Bay/Fenway,9.0,315 reviews,http://booking.com/hotel/us/residence-inn-boston-back-bay-fenway.html#hotelTmpl
237,Excellent,Two-Bedroom on Tremont Street Apt 402,9.6,118 reviews,http://booking.com/hotel/us/apartment-on-tremont-street-402.html#hotelTmpl
238,,Modern Brighton Getaway,,,http://booking.com/hotel/us/modern-brighton-getaway.html#hotelTmpl
239,,Two-Bedroom on D Street Apt 158,9.0,,http://booking.com/hotel/us/one-bedroom-on-d-street-apt-158.html#hotelTmpl
240,,Two-Bedroom on D Street Apt 106,9.6,,http://booking.com/hotel/us/two-bedroom-on-d-street-apt-106.html#hotelTmpl
241,Very Good,304 Newbury Street by Short Term Rentals Boston,8.0,53 reviews,http://booking.com/hotel/us/newbury-street-studio.html#hotelTmpl
242,Very Good,Apartments on Washington Street,8.2,20 reviews,http://booking.com/hotel/us/apartments-on-washington-street.html#hotelTmpl
243,Very Good,Studio on Arch Street Apt 3E,8.0,10 reviews,http://booking.com/hotel/us/studio-on-arch-street-3e.html#hotelTmpl
244,Excellent,"Ames Boston Hotel, Curio Collection by Hilton",8.6,"1,465 reviews",http://booking.com/hotel/us/ames-boston.html#hotelTmpl
245,Exceptional,Two-Bedroom on Milk Street Apt 3D,9.5,6 reviews,http://booking.com/hotel/us/apartment-on-milk-street-3f.html#hotelTmpl
246,Excellent,"Best Boston Location, 2BR (M#3)",8.6,"1,045 reviews",http://booking.com/hotel/us/best-boston-location-2br-m-3.html#hotelTmpl
247,Excellent,One-Bedroom on Chestnut Hill Avenue Apt 15,8.7,"1,746 reviews",http://booking.com/hotel/us/one-bedroom-on-chestnut-hill-avenue-apt-15.html#hotelTmpl
248,Good,One-Bedroom on Warrenton Street Apt 14,7.0,15 reviews,http://booking.com/hotel/us/apartment-on-warrenton-street-14.html#hotelTmpl
249,Very Good,Four-Bedroom on Hamilton Place Apt 407,8.2,58 reviews,http://booking.com/hotel/us/four-bedroom-on-hamilton-place-apt-407.html#hotelTmpl
250,Review score,Penthouse at Upham's Corner Condo,6.7,"1,406 reviews",http://booking.com/hotel/us/penthouse-at-uphams-corner-condo.html#hotelTmpl
251,,Two-Bedroom on Hamilton Place Apt 503,,,http://booking.com/hotel/us/two-bedroom-on-hamilton-place-apt-503.html#hotelTmpl
252,Excellent,PIER 4,8.7,85 reviews,http://booking.com/hotel/us/pier-4-boston.html#hotelTmpl
253,,One-Bedroom on D Street Apt 323,,,http://booking.com/hotel/us/one-bedroom-on-d-street-apt-323.html#hotelTmpl
254,Very Good,Two-Bedroom on Washington Street Apt 402,8.1,14 reviews,http://booking.com/hotel/us/two-bedroom-apartment-on-washington-street-402.html#hotelTmpl
255,Excellent,"Best Boston Location, 2BR (M#4)",8.7,"5,657 reviews",http://booking.com/hotel/us/best-boston-location-2br-m-4.html#hotelTmpl
256,Good,Studio on Arch Street Apt 2B,7.1,6 reviews,http://booking.com/hotel/us/studio-on-arch-street-2b.html#hotelTmpl
257,Very Good,Gorgeous 2 Bedroom Apartment by Boston University and Private Parking,10,205 reviews,http://booking.com/hotel/us/gorgeous-apt-by-bu-2br-47-1bath-private-parking.html#hotelTmpl
258,Awesome,Studio on Arch Street Apt 2E,9.6,"2,301 reviews",http://booking.com/hotel/us/studio-on-arch-street-2e.html#hotelTmpl
259,Excellent,One-Bedroom on Arch Street Apt 3D,8.7,9 reviews,http://booking.com/hotel/us/one-bedroom-apartment-on-arch-street-3d.html#hotelTmpl
260,,Gorgeous Unique 3BR/3BA Duplex North End (M-G),10,,http://booking.com/hotel/us/gorgeous-unique-3br-47-3ba-duplex-north-end-m-g.html#hotelTmpl
261,Excellent,Beacon Hill Apartment,8.6,"1,360 reviews",http://booking.com/hotel/us/beacon-hill-apartment.html#hotelTmpl
262,Good,Studio on Beacon Street Apt 14,7.8,"1,890 reviews",http://booking.com/hotel/us/studio-on-beacon-street-apt-14.html#hotelTmpl
263,Good,One-Bedroom on East Springfield Street Apt B,7.8,41 reviews,http://booking.com/hotel/us/one-bedroom-on-east-springfield-street-apt-b.html#hotelTmpl
264,Very Good,Two-Bedroom on E Springfield Street Apt 3,8.2,223 reviews,http://booking.com/hotel/us/two-bedroom-on-e-springfield-street-apt-3.html#hotelTmpl
265,Good,Global Luxury Suites at the Commonwealth,7.6,9 reviews,http://booking.com/hotel/us/luxury-apartments-at-towers-at-longfellow.html#hotelTmpl
266,Review score,One-Bedroom on Warrenton Street Apt 19,6.7,8 reviews,http://booking.com/hotel/us/one-bedroom-apartment-on-warrenton-street-19.html#hotelTmpl
267,Review score,463 Beacon Street Guest House,6.7,943 reviews,http://booking.com/hotel/us/foursixtythree-beacon-street-guest-house.html#hotelTmpl
268,Very Good,Kimpton Onyx Hotel,8.5,829 reviews,http://booking.com/hotel/us/kimpton-onyx-hotel.html#hotelTmpl
269,Very Good,One-Bedroom on Arch Street Apt 2D,8.1,7 reviews,http://booking.com/hotel/us/apartment-on-arch-street-2d.html#hotelTmpl
270,Review score,One-Bedroom on D Street Apt 329,6.9,"2,252 reviews",http://booking.com/hotel/us/one-bedroom-on-d-street-apt-329-boston12.html#hotelTmpl
271,Excellent,Renaissance Boston Waterfront Hotel,8.6,390 reviews,http://booking.com/hotel/us/renaissance-waterfront.html#hotelTmpl
272,Awesome,One-Bedroom on D Street Apt 111,9.4,8 reviews,http://booking.com/hotel/us/one-bedroom-on-d-street-apt-111.html#hotelTmpl
273,Very Good,2 Bedroom Apartment in Downtown Boston,8.5,205 reviews,http://booking.com/hotel/us/2-bedroom-apartment-in-downtown-boston.html#hotelTmpl
274,Very Good,"The Ritz-Carlton, Boston",8.2,53 reviews,http://booking.com/hotel/us/the-ritz-carlton-boston-commons.html#hotelTmpl
275,,One-Bedroom on Washington Street Apt 305,,,http://booking.com/hotel/us/one-bedroom-on-washington-street-apt-305.html#hotelTmpl
276,Very Good,Archstone Modernity,8.1,"2,805 reviews",http://booking.com/hotel/us/archstone-modernity.html#hotelTmpl
277,Good,Two-Bedroom on Hamilton Place Apt 301,7.9,8 reviews,http://booking.com/hotel/us/two-bedroom-on-hamilton-place-apt-301.html#hotelTmpl
278,Good,Two Bedroom Apartment in Downtown Boston by STARS of Boston,7.3,28 reviews,http://booking.com/hotel/us/two-bedroom-apartment-in-china-town-near-tufts-by-stars-of-boston.html#hotelTmpl
279,Review score,Apartment by Tufts Medical by STARS of Boston,6.6,10 reviews,http://booking.com/hotel/us/apartment-by-tufts-medical-by-stars-of-boston.html#hotelTmpl
280,Good,94 Charles Street by Short Term Rentals Boston,7.5,37 reviews,http://booking.com/hotel/us/marlborough-st-unit-1-furnished-back-bay-2-bed.html#hotelTmpl
281,Good,Four-Bedroom on Hamilton Place Apt 507,7.8,47 reviews,http://booking.com/hotel/us/four-bedroom-on-hamilton-place-apt-507.html#hotelTmpl
282,,Bluebird Suites at Van Ness,,,http://booking.com/hotel/us/bluebird-suites-at-van-ness.html#hotelTmpl
283,Very Good,DoubleTree Club by Hilton Hotel Boston Bayside,8.0,734 reviews,http://booking.com/hotel/us/doubletree-club-bayside.html#hotelTmpl
284,,Egleston Square Condo Jamaica Plain,,,http://booking.com/hotel/us/egleston-square-condo-jamaica-plain.html#hotelTmpl
285,,One-Bedroom on D Street Apt 348,,,http://booking.com/hotel/us/one-bedroom-on-d-street-apt-348.html#hotelTmpl
286,Excellent,The Michelle 1,8.8,6 reviews,http://booking.com/hotel/us/the-michelle.html#hotelTmpl
287,Good,One-Bedroom on Arch Street Apt 3C,7.0,15 reviews,http://booking.com/hotel/us/one-bedroom-apartment-on-arch-street-3c.html#hotelTmpl
288,Good,Boston Huge 1 BR Best Location (H2B),7.6,112 reviews,http://booking.com/hotel/us/boston-huge-1-br-best-location-h2b.html#hotelTmpl
289,,One-Bedroom on D Street Apt 246,,,http://booking.com/hotel/us/one-bedroom-on-d-street-apt-246.html#hotelTmpl
290,Excellent,Beacon Hill Hotel,8.7,130 reviews,http://booking.com/hotel/us/beacon-hill.html#hotelTmpl
291,Excellent,Residence Inn by Marriott Boston Downtown Seaport,8.9,84 reviews,http://booking.com/hotel/us/residence-inn-by-marriott-boston-downtown-seaport.html#hotelTmpl
292,Very Good,Back Bay Studio by STARS of Boston,8.5,5 reviews,http://booking.com/hotel/us/back-bay-studio.html#hotelTmpl
293,,One-Bedroom on Washington Street Apt 205,10,,http://booking.com/hotel/us/one-bedroom-apartment-on-washington-street-205.html#hotelTmpl
294,Good,One-Bedroom on Newbury Street Apt 32,7.8,12 reviews,http://booking.com/hotel/us/one-bedroom-apartment-newbury-street.html#hotelTmpl
295,Good,Reggie's Place,7.9,21 reviews,http://booking.com/hotel/us/t-amp-e-realty.html#hotelTmpl
296,Awesome,Boston Best One Bedroom Duplex (H2C),9.1,9 reviews,http://booking.com/hotel/us/boston-best-one-bedroom-duplex-h2c.html#hotelTmpl
297,Excellent,One-Bedroom on Harrison Avenue Apt 206,9.2,72 reviews,http://booking.com/hotel/us/bright-south-end-1br-w-47-gym-pool.html#hotelTmpl
298,,Oakwood Lofts at Atlantic Wharf,,,http://booking.com/hotel/us/lofts-at-atlantic-wharf.html#hotelTmpl
299,Very Good,Two-Bedroom on Tremont Street Apt 6,8.1,11 reviews,http://booking.com/hotel/us/two-bedroom-apartment-tremont-street.html#hotelTmpl
300,Very Good,West End Hideaway,10,"1,986 reviews",http://booking.com/hotel/us/west-end-hideaway.html#hotelTmpl
301,Good,One-Bedroom on Newbury Street Apt 42,7.6,112 reviews,http://booking.com/hotel/us/226-newbury-street-apartment.html#hotelTmpl
302,Excellent,The Boxer,8.6,575 reviews,http://booking.com/hotel/us/bulfinch.html#hotelTmpl
303,Very Good,Boston Best Furnished Studio (H2A),8.1,32 reviews,http://booking.com/hotel/us/boston-best-furnished-studio-h2a.html#hotelTmpl
304,Excellent,Global Luxury Suites at Boston Common,8.9,12 reviews,http://booking.com/hotel/us/luxury-apartments-in-boston-39-s-theatre-district.html#hotelTmpl
305,,One-Bedroom on Brookline Avenue Apt 405,9.2,,http://booking.com/hotel/us/one-bedroom-on-brookline-avenue-apt-405.html#hotelTmpl
306,Very Good,Bluebird Suites at Boylston,8.4,62 reviews,http://booking.com/hotel/us/bluebird-suites-at-boylston.html#hotelTmpl
307,Very Good,102 Chandler Street by Lyon Apartments,8.4,11 reviews,http://booking.com/hotel/us/102-chandler-st.html#hotelTmpl
308,Good,Chestnut Hill Ave Studio by STARS of Boston,7.5,15 reviews,http://booking.com/hotel/us/chestnut-hill-studio-by-stars-of-boston.html#hotelTmpl
309,,One-Bedroom on Beacon Street Apt 208,5.4,,http://booking.com/hotel/us/two-bedroom-apartment-on-beacon-st208.html#hotelTmpl
310,Excellent,Charlesview Suites Back Bay,8.9,24 reviews,http://booking.com/hotel/us/charlesview-suites-back-bay.html#hotelTmpl
311,Excellent,Global Luxury Suites at Mission Hill,8.8,"2,190 reviews",http://booking.com/hotel/us/global-luxury-suites-at-mission-hill.html#hotelTmpl
312,Very Good,One-Bedroom on N Margin Street Apt 1,9.6,205 reviews,http://booking.com/hotel/us/one-bedroom-on-n-margin-street-apt-1.html#hotelTmpl
313,Very Good,Apartments on Newbury Street,8.2,10 reviews,http://booking.com/hotel/us/studio-apartments-on-newbury-street.html#hotelTmpl
314,Review score,237 Northampton Street by Short Term Rentals Boston,6.7,12 reviews,http://booking.com/hotel/us/237-northampton-street-by-short-term-rentals-boston.html#hotelTmpl
315,Very Good,One-Bedroom on Beacon Street Apt 204,8.3,7 reviews,http://booking.com/hotel/us/two-bedroom-apartment-on-beacon-street-204.html#hotelTmpl
316,,One-Bedroom on Beacon Street Apt 202,10,,http://booking.com/hotel/us/two-bedroom-apartment-on-beacon-street-202.html#hotelTmpl
317,Very Good,The Beacon on Massachusetts Avenue Condo,8.1,"1,150 reviews",http://booking.com/hotel/us/the-beacon-on-massachusetts-avenue-condo.html#hotelTmpl
318,Good,One-Bedroom on Boylston Street Apt 11,7.1,6 reviews,http://booking.com/hotel/us/one-bedroom-apartment-on-boylston-street-11.html#hotelTmpl
319,Excellent,Studio on Arch Street Apt 3B,9.6,8 reviews,http://booking.com/hotel/us/studio-on-arch-street-3b.html#hotelTmpl
320,,Bay State in the Back Bay Condo,,,http://booking.com/hotel/us/bay-state-in-the-back-bay-condo.html#hotelTmpl
321,Review score,Quarters on DOT by Short Term Rentals Boston,6.9,415 reviews,http://booking.com/hotel/us/quarters-on-dorchester-by-short-term-rentals-boston.html#hotelTmpl
322,Excellent,Global Luxury Suites at Boston Garden,8.7,85 reviews,http://booking.com/hotel/us/global-luxury-suites-at-boston-garden.html#hotelTmpl
323,,Family Apartment In Front Of The Subway with One Parking Spot,,,http://booking.com/hotel/us/cool-place-in-front-the-subway-1-parking-spot.html#hotelTmpl
324,Very Good,"enVision Hotel Boston - Longwood, an Ascend Hotel Collection Member",8.3,171 reviews,http://booking.com/hotel/us/hotel-south-huntington-avenue-boston.html#hotelTmpl
325,Very Good,One-Bedroom on Arch Street Apt 4C,8.1,8 reviews,http://booking.com/hotel/us/one-bedroom-apartment-on-arch-street-4c.html#hotelTmpl
326,Very Good,2 Bedroom House in Brighton,8.1,113 reviews,http://booking.com/hotel/us/2-bedroom-house-in-brighton.html#hotelTmpl
327,Very Good,Apartments on Beacon Street,8.0,29 reviews,http://booking.com/hotel/us/new-modern-1br-near-t-in-brookline.html#hotelTmpl
328,Good,John Jeffries House,7.9,89 reviews,http://booking.com/hotel/us/john-jeffries-house-boston.html#hotelTmpl
329,Excellent,Global Luxury Suites at Seaport,8.9,84 reviews,http://booking.com/hotel/us/global-luxury-suites-at-the-convention-center.html#hotelTmpl
330,Exceptional,Super Location 2 Bedroom by the Green Line with Parking Spot,9.6,8 reviews,http://booking.com/hotel/us/super-location-2br-47-1bath-1-parking-spot.html#hotelTmpl
331,,Sawyer on Jones Hill Condo,,,http://booking.com/hotel/us/sawyer-on-jones-hill-condo.html#hotelTmpl
332,Very Good,One-Bedroom on Arch Street Apt 5A,8.5,7 reviews,http://booking.com/hotel/us/one-bedroom-apartment-on-arch-street-5a.html#hotelTmpl
333,Very Good,Monument Square Home on Bunker Hill Home,8.2,12 reviews,http://booking.com/hotel/us/monument-square-home-on-bunker-hill-home.html#hotelTmpl
334,Review score,One-Bedroom on Warrenton Street Apt 16,6.9,9 reviews,http://booking.com/hotel/us/one-bedroom-apartment-on-warrenton-street-16.html#hotelTmpl
335,Excellent,One-Bedroom on D Street Apt 234,8.6,72 reviews,http://booking.com/hotel/us/one-bedroom-on-d-street-apt-234.html#hotelTmpl
336,Awesome,XV Beacon Hotel,9.2,62 reviews,http://booking.com/hotel/us/fifteen-beacon.html#hotelTmpl
337,,Alameda 2 at Weld Farm Condo,,,http://booking.com/hotel/us/alameda-2-at-weld-farm-condo.html#hotelTmpl
338,Good,Two-Bedroom on Western Avenue Apt N301,7.5,5 reviews,http://booking.com/hotel/us/two-bedroom-apartment-on-western-avenue-n301.html#hotelTmpl
339,Very Good,Stunning 2 Bedroom Apartment by Boston University with Parking,8.2,12 reviews,http://booking.com/hotel/us/stunning-apt-bybu-2br-47-1full-bath-private-parking.html#hotelTmpl
340,Excellent,Two-Bedroom on E Springfield Street Apt 2,8.7,85 reviews,http://booking.com/hotel/us/two-bedroom-on-e-springfield-street-apt-2.html#hotelTmpl
341,,Two-Bedroom on Hamilton Place Apt 403,,,http://booking.com/hotel/us/two-bedroom-on-hamilton-place-apt-403.html#hotelTmpl
342,Awesome,One-Bedroom on Warrenton Street Apt 3,9.0,"2,023 reviews",http://booking.com/hotel/us/one-bedroom-apartment-on-warrenton-street-3.html#hotelTmpl
343,Review score,One-Bedroom on Boylston Street Apt 10,6.9,10 reviews,http://booking.com/hotel/us/one-bedroom-apartment-boylston-street.html#hotelTmpl
344,,Roseclair at Upham's Corner Apts,,,http://booking.com/hotel/us/roseclair-at-uphams-corner-apts.html#hotelTmpl
345,,Studio on Newbury Street Apt 41,10,,http://booking.com/hotel/us/studio-apartments-on-newbury-street-41.html#hotelTmpl
346,Very Good,Taylor House Bed and Breakfast,8.2,49 reviews,http://booking.com/hotel/us/taylor-house-bed-and-breakfast.html#hotelTmpl
347,,Two-Bedroom on Washington Street Apt 403,2.5,,http://booking.com/hotel/us/two-bedroom-apartment-on-washington-street-403.html#hotelTmpl
348,,Grand View on Jones Hill Condo,,,http://booking.com/hotel/us/grand-view-on-jones-hill-condo.html#hotelTmpl
349,Excellent,The Michelle 2,8.8,6 reviews,http://booking.com/hotel/us/the-michelle-2.html#hotelTmpl
350,Good,One-Bedroom on Warrenton Street Apt 2,7.3,136 reviews,http://booking.com/hotel/us/one-bedroom-apartment-on-warrenton-street-2.html#hotelTmpl
351,Very Good,Beech Glen Street 3BR/2BA,8.4,62 reviews,http://booking.com/hotel/us/beech-glen-street-53.html#hotelTmpl
352,,Affordable Studio with One Free Parking Spot,,,http://booking.com/hotel/us/affordable-studio-sleeps-6-one-free-parking-spot.html#hotelTmpl
353,Excellent,Residence Inn by Marriott Boston Harbor on Tudor Wharf,8.6,251 reviews,http://booking.com/hotel/us/residence-inn-boston-harbor-on-tudor-wharf.html#hotelTmpl
354,,Sky View on Jones Hill Condo,,,http://booking.com/hotel/us/sky-view-on-jones-hill-condo.html#hotelTmpl
355,,Studio on Arch Street Apt 2A,,,http://booking.com/hotel/us/studio-on-arch-street-2a.html#hotelTmpl
356,,One-Bedroom on Bay State Road Apt 3R,7.9,,http://booking.com/hotel/us/apartment-on-bay-state-road-3r.html#hotelTmpl
357,Excellent,Luxury Apartments in Watermark Seaport near BCEC by LYX Suites,8.7,32 reviews,http://booking.com/hotel/us/luxury-suite-in-bcec-seaport-by-lyx-boston.html#hotelTmpl
358,,Dorset at Upham's Corner Condo,,,http://booking.com/hotel/us/dorset-at-uphams-corner-condo.html#hotelTmpl
359,Excellent,ARTlab DX,8.6,5 reviews,http://booking.com/hotel/us/hamilton-crossing.html#hotelTmpl
360,Very Good,Allston Red House 1 Bed Apartment by RoyalStreet,8.3,91 reviews,http://booking.com/hotel/us/allston-red-house-1-bed.html#hotelTmpl
361,Excellent,Boston Marriott Long Wharf,8.6,302 reviews,http://booking.com/hotel/us/boston-marriott-long-wharf.html#hotelTmpl
362,Good,652 Massachusetts Avenue by Short Term Rentals Boston,7.3,10 reviews,http://booking.com/hotel/us/652-massachusetts-avenue-by-short-term-rentals-boston.html#hotelTmpl
363,Very Good,Shawmut In Ashmont Village Condo,8.5,5 reviews,http://booking.com/hotel/us/shawmut-in-ashmont-village-condo.html#hotelTmpl
364,Good,"Cozy, Patio, Pool, and Whole Foods",7.1,9 reviews,http://booking.com/hotel/us/cozy-patio-pool-and-whole-foods.html#hotelTmpl
365,Good,Holiday Inn Express Hotel and Suites Boston TD Garden,7.7,337 reviews,http://booking.com/hotel/us/holiday-inn-express-suites-boston.html#hotelTmpl
366,Good,Two-Bedroom on Commonwealth Avenue Apt 1314,7.5,299 reviews,http://booking.com/hotel/us/two-bedroom-on-commonwealth-avenue-apt-1314.html#hotelTmpl
367,,Mayhew at Upham's Corner Apts,,,http://booking.com/hotel/us/mayhew-at-uphams-corner-apts.html#hotelTmpl
368,,Oakwood at Devonshire,,,http://booking.com/hotel/us/oakwood-at-devonshire.html#hotelTmpl
369,Exceptional,Moroccan Luxury Suites,9.6,51 reviews,http://booking.com/hotel/us/moroccan-luxury-suites.html#hotelTmpl
370,,Two-Bedroom on Western Avenue Apt N322,,,http://booking.com/hotel/us/apartment-on-western-avenue-n322.html#hotelTmpl
371,Good,784 Tremont Street by Short Term Rentals Boston,7.2,23 reviews,http://booking.com/hotel/us/784-tremont-street-by-short-term-rentals-boston.html#hotelTmpl
372,Awesome,"Marriott Vacation Club Pulse at Custom House, Boston",9.1,46 reviews,http://booking.com/hotel/us/marriott-s-custom-house.html#hotelTmpl
373,Very Good,16 E. Springfield Street by Short Term Rentals Boston,8.0,17 reviews,http://booking.com/hotel/us/16-e-springfield-street-by-short-term-rentals-boston.html#hotelTmpl
374,Excellent,Chandler Studios,8.7,98 reviews,http://booking.com/hotel/us/chandler-studios.html#hotelTmpl
375,Very Good,Three-Bedroom on Washington Street Apt 4,8.3,157 reviews,http://booking.com/hotel/us/apartment-on-washington-street-4.html#hotelTmpl
376,,One-Bedroom on Beacon Street Apt 205,9.5,,http://booking.com/hotel/us/one-bedroom-apartment-on-beacon-st205.html#hotelTmpl
377,Very Good,One-Bedroom on Chestnut Hill Avenue Apt 19,8.1,32 reviews,http://booking.com/hotel/us/one-bedroom-on-chestnut-hill-avenue-apt-19.html#hotelTmpl
378,Good,Apartments on Western Avenue,7.8,11 reviews,http://booking.com/hotel/us/apartments-on-n-harvard-street-n308.html#hotelTmpl
379,Good,One-Bedroom on Washington Street Apt 5,7.6,7 reviews,http://booking.com/hotel/us/one-bedroom-apartment-on-washington-street-5.html#hotelTmpl
380,Very Good,The Longfellow Lookout,8.1,253 reviews,http://booking.com/hotel/us/the-longfellow-lookout.html#hotelTmpl
381,Excellent,Studio on Arch Street Apt 5B,8.8,72 reviews,http://booking.com/hotel/us/studio-on-arch-street-5b.html#hotelTmpl
382,Awesome,Two-Bedroom on Western Avenue Apt N314,10,200 reviews,http://booking.com/hotel/us/apartment-on-western-avenue-n314.html#hotelTmpl
383,Excellent,One-Bedroom on Warrenton Street Apt 18,8.6,"1,212 reviews",http://booking.com/hotel/us/one-bedroom-apartment-on-warrenton-street-18.html#hotelTmpl
384,Excellent,Bird's Eye View,9.6,"5,657 reviews",http://booking.com/hotel/us/birds-eye-view-boston.html#hotelTmpl
385,Very Good,"Relax n ""think"" about next business",8.5,765 reviews,http://booking.com/hotel/us/relax-n-quot-think-quot-about-next-business.html#hotelTmpl
386,Excellent,Royal Street Studio Apartment by RoyalStreet,8.8,10 reviews,http://booking.com/hotel/us/royal-street-studio.html#hotelTmpl
387,Review score,One-Bedroom on Boylston Street Apt 8,6.0,7 reviews,http://booking.com/hotel/us/one-bedroom-apartment-on-boylston-street-8-boston.html#hotelTmpl
388,Very Good,One-Bedroom on Beacon Street Apt 714,8.1,13 reviews,http://booking.com/hotel/us/pristine-brookline-1br-w-47-gym-near-t.html#hotelTmpl
389,Good,One-Bedroom on Arch Street Apt 4D,7.9,12 reviews,http://booking.com/hotel/us/apartment-on-arch-street-4d.html#hotelTmpl
390,Review score,Three-Bedroom on Western Avenue Apt S501,6.5,8 reviews,http://booking.com/hotel/us/three-bedroom-apartment-on-western-avenue-s501.html#hotelTmpl
391,,Two-Bedroom on Western Avenue Apt N306,,,http://booking.com/hotel/us/apartment-on-western-avenue-n306.html#hotelTmpl
392,Exceptional,Little Pearl,9.8,6 reviews,http://booking.com/hotel/us/little-pearl.html#hotelTmpl
393,Good,Oakwood at Watermark Seaport,7.3,136 reviews,http://booking.com/hotel/us/watermark-seaport.html#hotelTmpl
394,Very Good,Bluebird Suites at West End,8.2,172 reviews,http://booking.com/hotel/us/bluebird-suites-at-west-end.html#hotelTmpl
395,Review score,The Ledder House 5,6.7,21 reviews,http://booking.com/hotel/us/the-ledder-house-5.html#hotelTmpl
396,Exceptional,Brighton Retreat,9.6,8 reviews,http://booking.com/hotel/us/brighton-retreat-boston.html#hotelTmpl
397,Good,Zakim's View,7.3,136 reviews,http://booking.com/hotel/us/zakims-view.html#hotelTmpl
398,Review score,Oakwood at 234 Newbury,6.9,204 reviews,http://booking.com/hotel/us/234-newbury.html#hotelTmpl
399,,One-Bedroom on Chestnut Hill Avenue Apt 9,,,http://booking.com/hotel/us/one-bedroom-on-chestnut-hill-avenue-apt-9.html#hotelTmpl
400,Excellent,Guild Street Townhouse,8.8,6 reviews,http://booking.com/hotel/us/guild-street-townhouse.html#hotelTmpl
401,Very Good,Beautiful Bunker Hill 2 Bd,10,172 reviews,http://booking.com/hotel/us/beautiful-bunker-hill-2-bd.html#hotelTmpl
402,Good,Renovated Apartment Near Airport,7.7,811 reviews,http://booking.com/hotel/us/boston.html#hotelTmpl
403,,One-Bedroom on Arch Street Apt 1B,,,http://booking.com/hotel/us/one-bedroom-apartment-on-arch-street-1b.html#hotelTmpl
404,,Colbyco at Andrew Square,,,http://booking.com/hotel/us/colbyco-at-andrew-square.html#hotelTmpl
405,,COZY&HOMEY 2BR APT! 1 FullBath & 1 free parking,,,http://booking.com/hotel/us/cozy-amp-homey-2br-apt-1-fullbath-amp-1-free-parking.html#hotelTmpl
406,,Copenger street 5BR/3BA,,,http://booking.com/hotel/us/copenger-street-5br-47-3ba.html#hotelTmpl
407,,301 on Washington Apts,,,http://booking.com/hotel/us/301-on-washington-apts.html#hotelTmpl
408,,206 on Washington Apts,,,http://booking.com/hotel/us/206-on-washington-apts.html#hotelTmpl
409,,201 on Washington Apts,,,http://booking.com/hotel/us/201-on-washington-apts.html#hotelTmpl
410,Excellent,North End Enchanted Cottage,8.6,"1,360 reviews",http://booking.com/hotel/us/north-end-enchanted-cottage.html#hotelTmpl
